{"Uncategorized": [], "Shopping": ["NOON.COM", "LULU HYPERMARKET", "AMAZON AE", "Purchase"], "Travel": ["ETIHAD AIRWAYS"], "Insurance": ["EMIRATES INSURANCE"], "Bank Fee": ["ADCB BANK FEE"], "Subscriptions": ["NETFLIX.COM"], "Funds": ["ADCB FUNDS", "NEFT"], "Utilities": ["DU TELECOM", "DEWA", "ETISALAT"], "Food & Drinks": ["KFC", "MCDONALDS", "STARBUCKS", "COFFEE SHOP", "CAFE COCOA"], "Cash Withdrawal": ["ATM WITHDRAWAL"], "Transfer": ["TRANSFER TO FRIENDS"], "Salary": ["SALARY CREDIT"], "Refund": ["REFUND"], "Credit Card Payment": ["CREDIT CARD PAYMENT"], "Loan Payment": ["LOAN PAYMENT"]}